autobahn,station_id,title,subtitle,description,latitude,longitude,extent,direction
A1,RUxFQ1RSSUNfQ0hBUkdJTkdfU1RBVElPTl9fMTQzMDY=,A1 | Wuppertal | Remscheid Ost,Schnellladeeinrichtung,Wuppertal | Remscheid Ost 42859 Wermelskirchen  Ladepunkt 1: DC Kupplung Combo 350 kW  Ladepunkt 2: DC Kupplung Combo 350 kW  Ladepunkt 3: DC Kupplung Combo 350 kW  Ladepunkt 4: DC Kupplung Combo 350 kW,51.157855,7.22812,"7.22812,51.157855,7.22812,51.157855",
A1,RUxFQ1RSSUNfQ0hBUkdJTkdfU1RBVElPTl9fMTY0NDU=,A1 | Wuppertal | Raststätte Remscheid Ost,Schnellladeeinrichtung,"A1 | Wuppertal | Raststätte Remscheid Ost 42859 Remscheid  Ladepunkt 1: AC Kupplung Typ 2 43 kW  Ladepunkt 2: DC Kupplung Combo, DC CHAdeMO 50 kW",51.158333,7.230556,"7.230556,51.158333,7.230556,51.158333",
A1,RUxFQ1RSSUNfQ0hBUkdJTkdfU1RBVElPTl9fMTU1MDk=,A1 | Wuppertal | Raststätte Lichtendorf Nord,Schnellladeeinrichtung,"A1 | Wuppertal | Raststätte Lichtendorf Nord 44289 Dortmund  Ladepunkt 1: AC Kupplung Typ 2 43 kW  Ladepunkt 2: DC Kupplung Combo, DC CHAdeMO 50 kW",51.468376,7.59406,"7.59406,51.468376,7.59406,51.468376",
A1,RUxFQ1RSSUNfQ0hBUkdJTkdfU1RBVElPTl9fMTU5NTg=,A1 | Wuppertal | Raststätte Lennhof West,Schnellladeeinrichtung,"A1 | Wuppertal | Raststätte Lennhof West 58099 Hagen  Ladepunkt 1: AC Kupplung Typ 2 43 kW  Ladepunkt 2: DC Kupplung Combo, DC CHAdeMO 50 kW",51.411647,7.499223,"7.499223,51.411647,7.499223,51.411647",
A1,RUxFQ1RSSUNfQ0hBUkdJTkdfU1RBVElPTl9fMTU1MTA=,A1 | Wuppertal | Lichtendorf Nord,Schnellladeeinrichtung,A1 | Wuppertal | Lichtendorf Nord 44289 Dortmund  Ladepunkt 1: DC Kupplung Combo 350 kW  Ladepunkt 2: DC Kupplung Combo 350 kW  Ladepunkt 3: DC Kupplung Combo 350 kW  Ladepunkt 4: DC Kupplung Combo 350 kW,51.468811,7.595449,"7.595449,51.468811,7.595449,51.468811",
A1,RUxFQ1RSSUNfQ0hBUkdJTkdfU1RBVElPTl9fMTY5NTY=,A1 | Trier | Raststätte Eifel West,Schnellladeeinrichtung,"A1 | Trier | Raststätte Eifel West 54533 Niederöffingen  Ladepunkt 1: DC Kupplung Combo 300 kW  Ladepunkt 2: DC Kupplung Combo, DC CHAdeMO 300 kW  Ladepunkt 3: AC Kupplung Typ 2 43 kW  Ladepunkt 4: DC Kupplung Combo, DC CHAdeMO 50 kW",50.0684783,6.8803255,"6.8803255,50.0684783,6.8803255,50.0684783",
A1,RUxFQ1RSSUNfQ0hBUkdJTkdfU1RBVElPTl9fMTY5NTg=,A1 | Trier | Eifel West,Schnellladeeinrichtung,A1 | Trier | Eifel West 54533 Niederöfflingen  Ladepunkt 1: DC Kupplung Combo 350 kW  Ladepunkt 2: DC Kupplung Combo 350 kW  Ladepunkt 3: DC Kupplung Combo 350 kW  Ladepunkt 4: DC Kupplung Combo 350 kW,50.068492,6.880212,"6.880212,50.068492,6.880212,50.068492",
A1,RUxFQ1RSSUNfQ0hBUkdJTkdfU1RBVElPTl9fMTczMzI=,A1 | Saarbrücken | Raststätte Hochwald West,Schnellladeeinrichtung,"A1 | Saarbrücken | Raststätte Hochwald West 54421 Reinsfeld  Ladepunkt 1: AC Kupplung Typ 2 43 kW  Ladepunkt 2: DC Kupplung Combo, DC CHAdeMO 50 kW  Ladepunkt 3: DC Kupplung Combo 150 kW  Ladepunkt 4: DC Kupplung Combo, DC CHAdeMO 150 kW",49.690177,6.896882,"6.896882,49.690177,6.896882,49.690177",
A1,RUxFQ1RSSUNfQ0hBUkdJTkdfU1RBVElPTl9fMTE4NDM=,A1 | Osnabrück | Raststätte Bentheimer Wald Süd,Schnellladeeinrichtung,"A1 | Osnabrück | Raststätte Bentheimer Wald Süd 48455 Bad Bentheim  Ladepunkt 1: DC Kupplung Combo 150 kW  Ladepunkt 2: DC Kupplung Combo, DC CHAdeMO 150 kW  Ladepunkt 3: AC Kupplung Typ 2 43 kW  Ladepunkt 4: DC Kupplung Combo, DC CHAdeMO 50 kW",52.312502,7.041832,"7.041832,52.312502,7.041832,52.312502",
A1,RUxFQ1RSSUNfQ0hBUkdJTkdfU1RBVElPTl9fMTQ5NjM=,A1 | Münster | Lichtendorf Süd,Schnellladeeinrichtung,A1 | Münster | Lichtendorf Süd 58239 Schwerte  Ladepunkt 1: DC Kupplung Combo 350 kW  Ladepunkt 2: DC Kupplung Combo 350 kW  Ladepunkt 3: DC Kupplung Combo 350 kW  Ladepunkt 4: DC Kupplung Combo 350 kW,51.467206,7.594438,"7.594438,51.467206,7.594438,51.467206",
A1,RUxFQ1RSSUNfQ0hBUkdJTkdfU1RBVElPTl9fMTkzMjI=,A1 | Lübeck | Raststätte Buddikate Ost,Schnellladeeinrichtung,A1 | Lübeck | Raststätte Buddikate Ost 22965 Todendorf  Ladepunkt 1: DC Kupplung Combo 350 kW  Ladepunkt 2: DC Kupplung Combo 350 kW  Ladepunkt 3: DC Kupplung Combo 350 kW  Ladepunkt 4: DC Kupplung Combo 350 kW,53.694396,10.324738,"10.324738,53.694396,10.324738,53.694396",
A1,RUxFQ1RSSUNfQ0hBUkdJTkdfU1RBVElPTl9fMTg5MTM=,A1 | Lübeck | Neustädter Bucht West,Schnellladeeinrichtung,"A1 | Lübeck | Neustädter Bucht West 23730 Neustadt in Holstein  Ladepunkt 1: AC Kupplung Typ 2 43 kW  Ladepunkt 2: DC Kupplung Combo, DC CHAdeMO 50 kW",54.07115,10.75624,"10.75624,54.07115,10.75624,54.07115",
A1,RUxFQ1RSSUNfQ0hBUkdJTkdfU1RBVElPTl9fMTkzMjA=,A1 | Lübeck | Buddikate Ost,Schnellladeeinrichtung,"A1 | Lübeck | Buddikate Ost 22965 Todendorf  Ladepunkt 1: AC Kupplung Typ 2 43 kW  Ladepunkt 2: DC Kupplung Combo, DC CHAdeMO 50 kW",53.692409,10.322275,"10.322275,53.692409,10.322275,53.692409",
A1,RUxFQ1RSSUNfQ0hBUkdJTkdfU1RBVElPTl9fMTY1MzI=,A1 | Köln | Raststätte Ehrenberg West (2),Schnellladeeinrichtung,A1 | Köln | Raststätte Ehrenberg West (2) 42389 Wuppertal  Ladepunkt 1: DC Kupplung Combo 300 kW  Ladepunkt 2: DC Kupplung Combo 300 kW,51.265614,7.245308,"7.245308,51.265614,7.245308,51.265614",
A1,RUxFQ1RSSUNfQ0hBUkdJTkdfU1RBVElPTl9fMTY1MzE=,A1 | Köln | Raststätte Ehrenberg West (1),Schnellladeeinrichtung,"A1 | Köln | Raststätte Ehrenberg West (1) 42389 Wuppertal  Ladepunkt 1: AC Kupplung Typ 2 43 kW  Ladepunkt 2: DC Kupplung Combo, DC CHAdeMO 50 kW",51.265608,7.245148,"7.245148,51.265608,7.245148,51.265608",
A1,RUxFQ1RSSUNfQ0hBUkdJTkdfU1RBVElPTl9fMTg5MTI=,A1 | Heiligenhafen | Neustädter Bucht Ost,Schnellladeeinrichtung,"A1 | Heiligenhafen | Neustädter Bucht Ost 23730 Neustadt in Holstein  Ladepunkt 1: AC Kupplung Typ 2 43 kW  Ladepunkt 2: DC Kupplung Combo, DC CHAdeMO 50 kW",54.068004,10.756057,"10.756057,54.068004,10.756057,54.068004",
A1,RUxFQ1RSSUNfQ0hBUkdJTkdfU1RBVElPTl9fMTkzMzI=,A1 | Hamburg | Trave West,Schnellladeeinrichtung,"A1 | Hamburg | Trave West 23858 Reinfeld  Ladepunkt 1: AC Kupplung Typ 2 43 kW  Ladepunkt 2: DC Kupplung Combo, DC CHAdeMO 50 kW",53.81885,10.478865,"10.478865,53.81885,10.478865,53.81885",
A1,RUxFQ1RSSUNfQ0hBUkdJTkdfU1RBVElPTl9fMTI2OTg=,A1 | Hamburg | Raststätte Grundbergsee Süd,Schnellladeeinrichtung,"A1 | Hamburg | Raststätte Grundbergsee Süd 27376 Sottrum  Ladepunkt 1: AC Kupplung Typ 2 43 kW  Ladepunkt 2: DC Kupplung Combo, DC CHAdeMO 50 kW",53.088003,9.177057,"9.177057,53.088003,9.177057,53.088003",
A1,RUxFQ1RSSUNfQ0hBUkdJTkdfU1RBVElPTl9fMTkzMjM=,A1 | Hamburg | Raststätte Buddikate West,Schnellladeeinrichtung,A1 | Hamburg | Raststätte Buddikate West 22965 Todendorf  Ladepunkt 1: DC Kupplung Combo 350 kW  Ladepunkt 2: DC Kupplung Combo 350 kW  Ladepunkt 3: DC Kupplung Combo 350 kW  Ladepunkt 4: DC Kupplung Combo 350 kW,53.692558,10.320428,"10.320428,53.692558,10.320428,53.692558",
A1,RUxFQ1RSSUNfQ0hBUkdJTkdfU1RBVElPTl9fMTI3MTU=,A1 | Hamburg | Ostetal Süd,Schnellladeeinrichtung,A1 | Hamburg | Ostetal Süd 27419 Tiste  Ladepunkt 1: DC Kupplung Combo 350 kW  Ladepunkt 2: DC Kupplung Combo 350 kW  Ladepunkt 3: DC Kupplung Combo 350 kW  Ladepunkt 4: DC Kupplung Combo 350 kW,53.299087,9.53517,"9.53517,53.299087,9.53517,53.299087",
A1,RUxFQ1RSSUNfQ0hBUkdJTkdfU1RBVElPTl9fMTkzMjE=,A1 | Hamburg | Buddikate West,Schnellladeeinrichtung,"A1 | Hamburg | Buddikate West 22965 Todendorf  Ladepunkt 1: AC Kupplung Typ 2 43 kW  Ladepunkt 2: DC Kupplung Combo, DC CHAdeMO 50 kW",53.693508,10.321402,"10.321402,53.693508,10.321402,53.693508",
A1,RUxFQ1RSSUNfQ0hBUkdJTkdfU1RBVElPTl9fMTY5NTU=,A1 | Dreieck Vulkaneifel | Raststätte Eifel Ost,Schnellladeeinrichtung,"A1 | Dreieck Vulkaneifel | Raststätte Eifel Ost 54533 Niederöffingen  Ladepunkt 1: DC Kupplung Combo 300 kW  Ladepunkt 2: DC Kupplung Combo, DC CHAdeMO 300 kW  Ladepunkt 3: AC Kupplung Typ 2 43 kW  Ladepunkt 4: DC Kupplung Combo, DC CHAdeMO 50 kW",50.070167,6.881029,"6.881029,50.070167,6.881029,50.070167",
A1,RUxFQ1RSSUNfQ0hBUkdJTkdfU1RBVElPTl9fMTY5NTc=,A1 | Dreieck Vulkaneifel | Eifel Ost,Schnellladeeinrichtung,A1 | Dreieck Vulkaneifel | Eifel Ost 54533 Niederöfflingen  Ladepunkt 1: DC Kupplung Combo 350 kW  Ladepunkt 2: DC Kupplung Combo 350 kW  Ladepunkt 3: DC Kupplung Combo 350 kW  Ladepunkt 4: DC Kupplung Combo 350 kW,50.070186,6.880905,"6.880905,50.070186,6.880905,50.070186",
A1,RUxFQ1RSSUNfQ0hBUkdJTkdfU1RBVElPTl9fMTczMzQ=,A1 | Dreieck Moseltal | Raststätte Hochwald Ost (2),Schnellladeeinrichtung,"A1 | Dreieck Moseltal | Raststätte Hochwald Ost (2) 54421 Reinsfeld  Ladepunkt 1: DC Kupplung Combo 300 kW  Ladepunkt 2: DC Kupplung Combo, DC CHAdeMO 300 kW",49.6907,6.8996,"6.8996,49.6907,6.8996,49.6907",
A1,RUxFQ1RSSUNfQ0hBUkdJTkdfU1RBVElPTl9fMTczMzM=,A1 | Dreieck Moseltal | Raststätte Hochwald Ost (1),Schnellladeeinrichtung,"A1 | Dreieck Moseltal | Raststätte Hochwald Ost (1) 54421 Reinsfeld  Ladepunkt 1: AC Kupplung Typ 2 43 kW  Ladepunkt 2: DC Kupplung Combo, DC CHAdeMO 50 kW",49.690444,6.896757,"6.896757,49.690444,6.896757,49.690444",
A1,RUxFQ1RSSUNfQ0hBUkdJTkdfU1RBVElPTl9fMTI2OTk=,A1 | Bremen | Raststätte Grundbergsee Nord,Schnellladeeinrichtung,"A1 | Bremen | Raststätte Grundbergsee Nord 27376 Sottrum  Ladepunkt 1: AC Kupplung Typ 2 43 kW  Ladepunkt 2: DC Kupplung Combo, DC CHAdeMO 50 kW",53.090847,9.176298,"9.176298,53.090847,9.176298,53.090847",
A2,RUxFQ1RSSUNfQ0hBUkdJTkdfU1RBVElPTl9fODI5NA==,A2 | Potsdam | Buckautal Süd,Schnellladeeinrichtung,"A2 | Potsdam | Buckautal Süd 14793 Ziesar  Ladepunkt 1: AC Kupplung Typ 2 43 kW  Ladepunkt 2: DC Kupplung Combo, DC CHAdeMO 50 kW",52.250824,12.310008,"12.310008,52.250824,12.310008,52.250824",
A2,RUxFQ1RSSUNfQ0hBUkdJTkdfU1RBVElPTl9fMTg0NTU=,A2 | Magdeburg | Marienborn Süd,Schnellladeeinrichtung,"A2 | Magdeburg | Marienborn Süd 39365 Sommersdorf  Ladepunkt 1: AC Kupplung Typ 2 43 kW  Ladepunkt 2: DC Kupplung Combo, DC CHAdeMO 50 kW",52.21576,11.078349,"11.078349,52.21576,11.078349,52.21576",
A2,RUxFQ1RSSUNfQ0hBUkdJTkdfU1RBVElPTl9fODI5Mw==,A2 | Magdeburg | Buckautal Nord,Schnellladeeinrichtung,"A2 | Magdeburg | Buckautal Nord 14793 Ziesar  Ladepunkt 1: AC Kupplung Typ 2 43 kW  Ladepunkt 2: DC Kupplung Combo, DC CHAdeMO 50 kW",52.252078,12.307421,"12.307421,52.252078,12.307421,52.252078",
A2,RUxFQ1RSSUNfQ0hBUkdJTkdfU1RBVElPTl9fMTIzODE=,A2 | Hannover | Raststätte Zweidorfer Holz Nord,Schnellladeeinrichtung,"A2 | Hannover | Raststätte Zweidorfer Holz Nord 38176 Wendeburg  Ladepunkt 1: AC Kupplung Typ 2 43 kW  Ladepunkt 2: DC Kupplung Combo, DC CHAdeMO 50 kW",52.340378,10.354579,"10.354579,52.340378,10.354579,52.340378",
A2,RUxFQ1RSSUNfQ0hBUkdJTkdfU1RBVElPTl9fMTUzMzI=,A2 | Hannover | Raststätte Lipperland Süd,Schnellladeeinrichtung,"A2 | Hannover | Raststätte Lipperland Süd 33719 Bielefeld  Ladepunkt 1: AC Kupplung Typ 2 43 kW  Ladepunkt 2: DC Kupplung Combo, DC CHAdeMO 50 kW",52.01653,8.63373,"8.63373,52.01653,8.63373,52.01653",
A2,RUxFQ1RSSUNfQ0hBUkdJTkdfU1RBVElPTl9fMTI2MjM=,A2 | Hannover | Raststätte Lehrter See Nord,Schnellladeeinrichtung,"A2 | Hannover | Raststätte Lehrter See Nord 31275 Lehrte  Ladepunkt 1: AC Kupplung Typ 2 43 kW  Ladepunkt 2: DC Kupplung Combo, DC CHAdeMO 50 kW",52.388699,9.996509,"9.996509,52.388699,9.996509,52.388699",
A2,RUxFQ1RSSUNfQ0hBUkdJTkdfU1RBVElPTl9fMTI3NjI=,A2 | Hannover | Raststätte Auetal Süd,Schnellladeeinrichtung,"A2 | Hannover | Raststätte Auetal Süd 31749 Auetal  Ladepunkt 1: AC Kupplung Typ 2 43 kW  Ladepunkt 2: DC Kupplung Combo, DC CHAdeMO 50 kW",52.226935,9.23278,"9.23278,52.226935,9.23278,52.226935",
A2,RUxFQ1RSSUNfQ0hBUkdJTkdfU1RBVElPTl9fMTI3Njc=,A2 | Hannover | Auetal Süd,Schnellladeeinrichtung,A2 | Hannover | Auetal Süd 31749 Auetal  Ladepunkt 1: DC Kupplung Combo 350 kW  Ladepunkt 2: DC Kupplung Combo 350 kW  Ladepunkt 3: DC Kupplung Combo 350 kW  Ladepunkt 4: DC Kupplung Combo 350 kW,52.226613,9.232202,"9.232202,52.226613,9.232202,52.226613",
A2,RUxFQ1RSSUNfQ0hBUkdJTkdfU1RBVElPTl9fMTM3NDE=,A2 | Dortmund | Raststätte Lipperland Nord,Schnellladeeinrichtung,"A2 | Dortmund | Raststätte Lipperland Nord 32107 Bad Salzuflen  Ladepunkt 1: AC Kupplung Typ 2 43 kW  Ladepunkt 2: DC Kupplung Combo, DC CHAdeMO 50 kW",52.071952,8.665289,"8.665289,52.071952,8.665289,52.071952",
A2,RUxFQ1RSSUNfQ0hBUkdJTkdfU1RBVElPTl9fMTMzNDE=,A2 | Dortmund | Raststätte Gütersloh Nord,Schnellladeeinrichtung,"A2 | Dortmund | Raststätte Gütersloh Nord 33334 Güthersloh  Ladepunkt 1: AC Kupplung Typ 2 43 kW  Ladepunkt 2: DC Kupplung Combo, DC CHAdeMO 50 kW",51.866322,8.369598,"8.369598,51.866322,8.369598,51.866322",
A2,RUxFQ1RSSUNfQ0hBUkdJTkdfU1RBVElPTl9fMTU0Mzk=,A2 | Dortmund | Raststätte Bottrop Süd,Schnellladeeinrichtung,"A2 | Dortmund | Raststätte Bottrop Süd 46242 Bottrop  Ladepunkt 1: AC Kupplung Typ 2 43 kW  Ladepunkt 2: DC Kupplung Combo, DC CHAdeMO 50 kW",51.539838,6.88743,"6.88743,51.539838,6.88743,51.539838",
A2,RUxFQ1RSSUNfQ0hBUkdJTkdfU1RBVElPTl9fMTIzODI=,A2 | Braunschweig | Raststätte Zweidorfer Holz Süd,Schnellladeeinrichtung,"A2 | Braunschweig | Raststätte Zweidorfer Holz Süd 38176 Wendeburg  Ladepunkt 1: AC Kupplung Typ 2 43 kW  Ladepunkt 2: DC Kupplung Combo, DC CHAdeMO 50 kW",52.33838,10.359787,"10.359787,52.33838,10.359787,52.33838",
A2,RUxFQ1RSSUNfQ0hBUkdJTkdfU1RBVElPTl9fMTI2MjQ=,A2 | Braunschweig | Raststätte Lehrter See Süd,Schnellladeeinrichtung,"A2 | Braunschweig | Raststätte Lehrter See Süd 31275 Lehrte  Ladepunkt 1: AC Kupplung Typ 2 43 kW  Ladepunkt 2: DC Kupplung Combo, DC CHAdeMO 50 kW",52.386537,9.998724,"9.998724,52.386537,9.998724,52.386537",
A2,RUxFQ1RSSUNfQ0hBUkdJTkdfU1RBVElPTl9fMTUxNDg=,A2 | Bielefeld | Raststätte Vellern (2),Schnellladeeinrichtung,"A2 | Bielefeld | Raststätte Vellern (2) 59269 Beckum  Ladepunkt 1: DC Kupplung Combo 300 kW  Ladepunkt 2: DC Kupplung Combo, DC CHAdeMO 300 kW",51.790705,8.072179,"8.072179,51.790705,8.072179,51.790705",
A2,RUxFQ1RSSUNfQ0hBUkdJTkdfU1RBVElPTl9fMTUxNDc=,A2 | Bielefeld | Raststätte Vellern (1),Schnellladeeinrichtung,"A2 | Bielefeld | Raststätte Vellern (1) 59269 Beckum  Ladepunkt 1: AC Kupplung Typ 2 43 kW  Ladepunkt 2: DC Kupplung Combo, DC CHAdeMO 50 kW",51.79108,8.074054,"8.074054,51.79108,8.074054,51.79108",
A2,RUxFQ1RSSUNfQ0hBUkdJTkdfU1RBVElPTl9fMTU5ODQ=,A2 | Bielefeld | Raststätte Rhynern Süd,Schnellladeeinrichtung,"A2 | Bielefeld | Raststätte Rhynern Süd 59069 Hamm  Ladepunkt 1: AC Kupplung Typ 2 43 kW  Ladepunkt 2: DC Kupplung Combo, DC CHAdeMO 50 kW",51.629715,7.872821,"7.872821,51.629715,7.872821,51.629715",
A2,RUxFQ1RSSUNfQ0hBUkdJTkdfU1RBVElPTl9fMTUzMjQ=,A2 | Bielefeld | Raststätte Obergassel,Schnellladeeinrichtung,"A2 | Bielefeld | Raststätte Obergassel 33689 Bielefeld  Ladepunkt 1: AC Kupplung Typ 2 43 kW  Ladepunkt 2: DC Kupplung Combo, DC CHAdeMO 50 kW",51.9298,8.5321,"8.5321,51.9298,8.5321,51.9298",
A2,RUxFQ1RSSUNfQ0hBUkdJTkdfU1RBVElPTl9fMTMzNDI=,A2 | Bielefeld | Raststätte Gütersloh Süd,Schnellladeeinrichtung,"A2 | Bielefeld | Raststätte Gütersloh Süd 33334 Güthersloh  Ladepunkt 1: AC Kupplung Typ 2 43 kW  Ladepunkt 2: DC Kupplung Combo, DC CHAdeMO 50 kW",51.865,8.37,"8.37,51.865,8.37,51.865",
A2,RUxFQ1RSSUNfQ0hBUkdJTkdfU1RBVElPTl9fMTI1ODE=,A2 | Bielefeld | Raststätte Garbsen Nord,Schnellladeeinrichtung,"A2 | Bielefeld | Raststätte Garbsen Nord 30823 Garbsen  Ladepunkt 1: AC Kupplung Typ 2 43 kW  Ladepunkt 2: DC Kupplung Combo, DC CHAdeMO 50 kW",52.422367,9.55072,"9.55072,52.422367,9.55072,52.422367",
A2,RUxFQ1RSSUNfQ0hBUkdJTkdfU1RBVElPTl9fMTI3NjM=,A2 | Bielefeld | Raststätte Auetal Nord,Schnellladeeinrichtung,"A2 | Bielefeld | Raststätte Auetal Nord 31749 Auetal  Ladepunkt 1: AC Kupplung Typ 2 43 kW  Ladepunkt 2: DC Kupplung Combo, DC CHAdeMO 50 kW",52.223838,9.221553,"9.221553,52.223838,9.221553,52.223838",
A2,RUxFQ1RSSUNfQ0hBUkdJTkdfU1RBVElPTl9fMTI3NjY=,A2 | Bielefeld | Auetal Nord,Schnellladeeinrichtung,A2 | Bielefeld | Auetal Nord 31749 Auetal  Ladepunkt 1: DC Kupplung Combo 350 kW  Ladepunkt 2: DC Kupplung Combo 350 kW  Ladepunkt 3: DC Kupplung Combo 350 kW  Ladepunkt 4: DC Kupplung Combo 350 kW,52.223649,9.222077,"9.222077,52.223649,9.222077,52.223649",
A2,RUxFQ1RSSUNfQ0hBUkdJTkdfU1RBVElPTl9fMTI1Nzc=,A2 | AS Hannover-Lahe | Rendsburger Straße 1,Schnellladeeinrichtung,"A2 | AS Hannover-Lahe | Rendsburger Straße 1 30659 Hannover  Ladepunkt 1: DC Kupplung Combo, DC CHAdeMO 50 kW  Ladepunkt 2: AC Kupplung Typ 2 43 kW",52.41916,9.83229,"9.83229,52.41916,9.83229,52.41916",
A2,RUxFQ1RSSUNfQ0hBUkdJTkdfU1RBVElPTl9fMTg3NDM=,A2 | AS Hannover-Lahe | Rendsburger Str. 51,Normalladeeinrichtung,A2 | AS Hannover-Lahe | Rendsburger Str. 51 25782 Tellingstedt  Ladepunkt 1: AC Steckdose Typ 2 22 kW  Ladepunkt 2: AC Steckdose Typ 2 22 kW,54.219657,9.296646,"9.296646,54.219657,9.296646,54.219657",
A2,RUxFQ1RSSUNfQ0hBUkdJTkdfU1RBVElPTl9fMTI2MDU=,A2 | AS Hannover-Lahe | Opelstraße 3-5 (2),Schnellladeeinrichtung,"A2 | AS Hannover-Lahe | Opelstraße 3-5 (2) 30916 Altwarmbüchen  Ladepunkt 1: AC Kupplung Typ 2 22 kW  Ladepunkt 2: DC Kupplung Combo, DC CHAdeMO 50 kW",52.42354,9.83591,"9.83591,52.42354,9.83591,52.42354",
A2,RUxFQ1RSSUNfQ0hBUkdJTkdfU1RBVElPTl9fMTI2MDQ=,A2 | AS Hannover-Lahe | Opelstraße 3-5 (1),Normalladeeinrichtung,A2 | AS Hannover-Lahe | Opelstraße 3-5 (1) 30916 Altwarmbüchen  Ladepunkt 1: AC Steckdose Typ 2 22 kW  Ladepunkt 2: AC Steckdose Typ 2 22 kW,52.42354,9.83591,"9.83591,52.42354,9.83591,52.42354",
A3,RUxFQ1RSSUNfQ0hBUkdJTkdfU1RBVElPTl9fMTM5MjM=,A3 | Duisburg | Raststätte Hösel Ost,Schnellladeeinrichtung,"Duisburg | Raststätte Hösel Ost 40883 Ratingen  Ladepunkt 1: AC Kupplung Typ 2 43 kW  Ladepunkt 2: DC Kupplung Combo, DC CHAdeMO 50 kW",51.326157,6.891473,"6.891473,51.326157,6.891473,51.326157",
A3,RUxFQ1RSSUNfQ0hBUkdJTkdfU1RBVElPTl9fMTAxODc=,A3 | Würzburg | Weiskirchen Süd,Schnellladeeinrichtung,A3 | Würzburg | Weiskirchen Süd 63110 Rodgau  Ladepunkt 1: DC Kupplung Combo 350 kW  Ladepunkt 2: DC Kupplung Combo 350 kW  Ladepunkt 3: DC Kupplung Combo 350 kW  Ladepunkt 4: DC Kupplung Combo 350 kW,50.055212,8.907371,"8.907371,50.055212,8.907371,50.055212",
A3,RUxFQ1RSSUNfQ0hBUkdJTkdfU1RBVElPTl9fMTAxNjg=,A3 | Würzburg | Raststätte Weiskirchen Süd,Schnellladeeinrichtung,"A3 | Würzburg | Raststätte Weiskirchen Süd 63110 Rodgau  Ladepunkt 1: AC Kupplung Typ 2 43 kW  Ladepunkt 2: DC Kupplung Combo, DC CHAdeMO 50 kW",50.055416,8.906421,"8.906421,50.055416,8.906421,50.055416",
A3,RUxFQ1RSSUNfQ0hBUkdJTkdfU1RBVElPTl9fNTcxMQ==,A3 | Würzburg | Raststätte Haidt Nord,Schnellladeeinrichtung,"A3 | Würzburg | Raststätte Haidt Nord 97355 Kleinlangheim  Ladepunkt 1: AC Kupplung Typ 2 43 kW  Ladepunkt 2: DC Kupplung Combo, DC CHAdeMO 50 kW",49.781101,10.244809,"10.244809,49.781101,10.244809,49.781101",
A3,RUxFQ1RSSUNfQ0hBUkdJTkdfU1RBVElPTl9fNTcxMg==,A3 | Würzburg | Haidt Nord,Schnellladeeinrichtung,A3 | Würzburg | Haidt Nord 97355 Kleinlangheim  Ladepunkt 1: DC Kupplung Combo 350 kW  Ladepunkt 2: DC Kupplung Combo 350 kW  Ladepunkt 3: DC Kupplung Combo 350 kW  Ladepunkt 4: DC Kupplung Combo 350 kW,49.780852,10.244797,"10.244797,49.780852,10.244797,49.780852",
A3,RUxFQ1RSSUNfQ0hBUkdJTkdfU1RBVElPTl9fMzM5MA==,A3 | Würzburg | Aurach Nord,Schnellladeeinrichtung,"A3 | Würzburg | Aurach Nord 91056 Erlangen  Ladepunkt 1: DC Kupplung Combo, DC CHAdeMO 50 kW  Ladepunkt 2: AC Kupplung Typ 2 43 kW",49.580101,10.930265,"10.930265,49.580101,10.930265,49.580101",
A3,RUxFQ1RSSUNfQ0hBUkdJTkdfU1RBVElPTl9fMTczNzc=,A3 | Wiesbaden | Raststätte Sessenhausen West,Schnellladeeinrichtung,"A3 | Wiesbaden | Raststätte Sessenhausen West 56422 Sessenhausen  Ladepunkt 1: AC Kupplung Typ 2 43 kW  Ladepunkt 2: DC Kupplung Combo, DC CHAdeMO 50 kW",50.522865,7.67526,"7.67526,50.522865,7.67526,50.522865",
A3,RUxFQ1RSSUNfQ0hBUkdJTkdfU1RBVElPTl9fMTczNzM=,A3 | Wiesbaden | Raststätte Heiligenroth West,Schnellladeeinrichtung,"A3 | Wiesbaden | Raststätte Heiligenroth West 56412 Heiligenroth  Ladepunkt 1: AC Kupplung Typ 2 43 kW  Ladepunkt 2: DC Kupplung Combo, DC CHAdeMO 50 kW  Ladepunkt 3: DC Kupplung Combo 300 kW  Ladepunkt 4: DC Kupplung Combo, DC CHAdeMO 300 kW",50.454372,7.873155,"7.873155,50.454372,7.873155,50.454372",
A3,RUxFQ1RSSUNfQ0hBUkdJTkdfU1RBVElPTl9fMTUyNDE=,A3 | Richtung Niederlande | Raststätte Hünxe Ost (2),Schnellladeeinrichtung,"A3 | Richtung Niederlande | Raststätte Hünxe Ost (2) 46569 Hünxe  Ladepunkt 1: DC Kupplung Combo 300 kW  Ladepunkt 2: DC Kupplung Combo, DC CHAdeMO 300 kW",51.636509,6.747577,"6.747577,51.636509,6.747577,51.636509",
A3,RUxFQ1RSSUNfQ0hBUkdJTkdfU1RBVElPTl9fMTUyMzg=,A3 | Richtung Niederlande | Raststätte Hünxe Ost (1),Schnellladeeinrichtung,"A3 | Richtung Niederlande | Raststätte Hünxe Ost (1) 46569 Hünxe  Ladepunkt 1: AC Kupplung Typ 2 43 kW  Ladepunkt 2: DC Kupplung Combo, DC CHAdeMO 50 kW",51.636934,6.746968,"6.746968,51.636934,6.746968,51.636934",
A3,RUxFQ1RSSUNfQ0hBUkdJTkdfU1RBVElPTl9fNDM2Mw==,A3 | Regensburg | Raststätte Donautal Ost,Schnellladeeinrichtung,"A3 | Regensburg | Raststätte Donautal Ost 94036 Passau  Ladepunkt 1: AC Kupplung Typ 2 43 kW  Ladepunkt 2: DC Kupplung Combo, DC CHAdeMO 50 kW",48.58854,13.36671,"13.36671,48.58854,13.36671,48.58854",
A3,RUxFQ1RSSUNfQ0hBUkdJTkdfU1RBVElPTl9fNjIxNQ==,A3 | Regensburg | Jura West,Schnellladeeinrichtung,"A3 | Regensburg | Jura West 92355 Velburg  Ladepunkt 1: AC Kupplung Typ 2 43 kW  Ladepunkt 2: DC Kupplung Combo, DC CHAdeMO 50 kW",49.272286,11.60003,"11.60003,49.272286,11.60003,49.272286",
A3,RUxFQ1RSSUNfQ0hBUkdJTkdfU1RBVElPTl9fNDM3Nw==,A3 | Regensburg | Donautal Ost,Schnellladeeinrichtung,A3 | Regensburg | Donautal Ost 94036 Passau  Ladepunkt 1: DC Kupplung Combo 350 kW  Ladepunkt 2: DC Kupplung Combo 350 kW  Ladepunkt 3: DC Kupplung Combo 350 kW  Ladepunkt 4: DC Kupplung Combo 350 kW,48.588,13.366,"13.366,48.588,13.366,48.588",
A3,RUxFQ1RSSUNfQ0hBUkdJTkdfU1RBVElPTl9fNzAzOQ==,A3 | Regensburg | Bayerischer Wald Nord,Schnellladeeinrichtung,A3 | Regensburg | Bayerischer Wald Nord 94336 Hunderdorf  Ladepunkt 1: DC Kupplung Combo 350 kW  Ladepunkt 2: DC Kupplung Combo 350 kW  Ladepunkt 3: DC Kupplung Combo 350 kW  Ladepunkt 4: DC Kupplung Combo 350 kW,48.931488,12.70785,"12.70785,48.931488,12.70785,48.931488",
A3,RUxFQ1RSSUNfQ0hBUkdJTkdfU1RBVElPTl9fNDM2Mg==,A3 | Passau | Raststätte Donautal West,Schnellladeeinrichtung,"A3 | Passau | Raststätte Donautal West 94036 Passau  Ladepunkt 1: AC Kupplung Typ 2 43 kW  Ladepunkt 2: DC Kupplung Combo, DC CHAdeMO 50 kW",48.589296,13.365255,"13.365255,48.589296,13.365255,48.589296",
A3,RUxFQ1RSSUNfQ0hBUkdJTkdfU1RBVElPTl9fNDM3OA==,A3 | Passau | Donautal West,Schnellladeeinrichtung,A3 | Passau | Donautal West 94036 Passau  Ladepunkt 1: DC Kupplung Combo 350 kW  Ladepunkt 2: DC Kupplung Combo 350 kW  Ladepunkt 3: DC Kupplung Combo 350 kW  Ladepunkt 4: DC Kupplung Combo 350 kW,48.59,13.366,"13.366,48.59,13.366,48.59",
A3,RUxFQ1RSSUNfQ0hBUkdJTkdfU1RBVElPTl9fNzA0MA==,A3 | Passau | Bayerischer Wald Süd,Schnellladeeinrichtung,A3 | Passau | Bayerischer Wald Süd 94336 Hunderdorf  Ladepunkt 1: DC Kupplung Combo 350 kW  Ladepunkt 2: DC Kupplung Combo 350 kW  Ladepunkt 3: DC Kupplung Combo 350 kW  Ladepunkt 4: DC Kupplung Combo 350 kW,48.931372,12.705783,"12.705783,48.931372,12.705783,48.931372",
A3,RUxFQ1RSSUNfQ0hBUkdJTkdfU1RBVElPTl9fNjIxNA==,A3 | Nürnberg | Jura Ost,Schnellladeeinrichtung,"A3 | Nürnberg | Jura Ost 92355 Velburg  Ladepunkt 1: AC Kupplung Typ 2 43 kW  Ladepunkt 2: DC Kupplung Combo, DC CHAdeMO 50 kW",49.270847,11.602249,"11.602249,49.270847,11.602249,49.270847",
A3,RUxFQ1RSSUNfQ0hBUkdJTkdfU1RBVElPTl9fNTcxMw==,A3 | Nürnberg | Haidt Süd,Schnellladeeinrichtung,A3 | Nürnberg | Haidt Süd 97355 Kleinlangheim  Ladepunkt 1: DC Kupplung Combo 350 kW  Ladepunkt 2: DC Kupplung Combo 350 kW  Ladepunkt 3: DC Kupplung Combo 350 kW  Ladepunkt 4: DC Kupplung Combo 350 kW,49.779352,10.246493,"10.246493,49.779352,10.246493,49.779352",
A3,RUxFQ1RSSUNfQ0hBUkdJTkdfU1RBVElPTl9fMzM5MQ==,A3 | Nürnberg | Aurach Süd,Schnellladeeinrichtung,"A3 | Nürnberg | Aurach Süd 91056 Erlangen  Ladepunkt 1: DC Kupplung Combo, DC CHAdeMO 50 kW  Ladepunkt 2: AC Kupplung Typ 2 43 kW",49.580281,10.927852,"10.927852,49.580281,10.927852,49.580281",
A3,RUxFQ1RSSUNfQ0hBUkdJTkdfU1RBVElPTl9fMTQ0NzY=,A3 | Köln | Raststätte Siegburg Ost,Schnellladeeinrichtung,"A3 | Köln | Raststätte Siegburg Ost 53721 Siegburg  Ladepunkt 1: AC Kupplung Typ 2 43 kW  Ladepunkt 2: DC Kupplung Combo, DC CHAdeMO 50 kW",50.809373,7.220042,"7.220042,50.809373,7.220042,50.809373",
A3,RUxFQ1RSSUNfQ0hBUkdJTkdfU1RBVElPTl9fMTY0OTI=,A3 | Köln | Raststätte Ohligser Heide West,Schnellladeeinrichtung,"A3 | Köln | Raststätte Ohligser Heide West 42967 Solingen  Ladepunkt 1: AC Kupplung Typ 2 43 kW  Ladepunkt 2: DC Kupplung Combo, DC CHAdeMO 50 kW",51.157821,6.961858,"6.961858,51.157821,6.961858,51.157821",
A3,RUxFQ1RSSUNfQ0hBUkdJTkdfU1RBVElPTl9fMTczNzQ=,A3 | Köln | Raststätte Nentershausen Ost,Schnellladeeinrichtung,"A3 | Köln | Raststätte Nentershausen Ost 56412 Nentershausen  Ladepunkt 1: AC Kupplung Typ 2, DC CHAdeMO 43 kW  Ladepunkt 2: DC Kupplung Combo, DC CHAdeMO 50 kW  Ladepunkt 3: DC Kupplung Combo 300 kW  Ladepunkt 4: DC Kupplung Combo, DC CHAdeMO 300 kW",50.423135,7.928153,"7.928153,50.423135,7.928153,50.423135",
A3,RUxFQ1RSSUNfQ0hBUkdJTkdfU1RBVElPTl9fMTczNjQ=,A3 | Köln | Raststätte Montabaur Ost,Schnellladeeinrichtung,"A3 | Köln | Raststätte Montabaur Ost 56410 Montabaur  Ladepunkt 1: AC Kupplung Typ 2 43 kW  Ladepunkt 2: DC Kupplung Combo, DC CHAdeMO 50 kW  Ladepunkt 3: DC Kupplung Combo 300 kW  Ladepunkt 4: DC Kupplung Combo, DC CHAdeMO 300 kW",50.447712,7.850348,"7.850348,50.447712,7.850348,50.447712",
A3,RUxFQ1RSSUNfQ0hBUkdJTkdfU1RBVElPTl9fOTk1Mw==,A3 | Köln | Raststätte Limburg Ost,Schnellladeeinrichtung,"A3 | Köln | Raststätte Limburg Ost 65549 Limburg  Ladepunkt 1: AC Kupplung Typ 2 43 kW  Ladepunkt 2: DC Kupplung Combo, DC CHAdeMO 50 kW",50.396011,8.077496,"8.077496,50.396011,8.077496,50.396011",
A3,RUxFQ1RSSUNfQ0hBUkdJTkdfU1RBVElPTl9fMTczNjM=,A3 | Köln | Raststätte Landsberg an der Warthe (2),Schnellladeeinrichtung,"A3 | Köln | Raststätte Landsberg an der Warthe (2) 56244 Sessenhausen  Ladepunkt 1: DC Kupplung Combo 300 kW  Ladepunkt 2: DC Kupplung Combo, DC CHAdeMO 300 kW",50.522947,7.67514,"7.67514,50.522947,7.67514,50.522947",
A3,RUxFQ1RSSUNfQ0hBUkdJTkdfU1RBVElPTl9fMTczNjI=,A3 | Köln | Raststätte Landsberg an der Warthe (1),Schnellladeeinrichtung,"A3 | Köln | Raststätte Landsberg an der Warthe (1) 56244 Sessenhausen  Ladepunkt 1: AC Kupplung Typ 2 43 kW  Ladepunkt 2: DC Kupplung Combo, DC CHAdeMO 50 kW",50.521421,7.695711,"7.695711,50.521421,7.695711,50.521421",
A3,RUxFQ1RSSUNfQ0hBUkdJTkdfU1RBVElPTl9fMTY0NzQ=,A3 | Köln | Ohligser Heide West,Schnellladeeinrichtung,A3 | Köln | Ohligser Heide West 42697 Solingen  Ladepunkt 1: DC Kupplung Combo 350 kW  Ladepunkt 2: DC Kupplung Combo 350 kW  Ladepunkt 3: DC Kupplung Combo 350 kW  Ladepunkt 4: DC Kupplung Combo 350 kW,51.157481,6.962202,"6.962202,51.157481,6.962202,51.157481",
A3,RUxFQ1RSSUNfQ0hBUkdJTkdfU1RBVElPTl9fOTQzMw==,A3 | Köln | Medenbach Ost,Schnellladeeinrichtung,"A3 | Köln | Medenbach Ost 65207 Wiesbaden  Ladepunkt 1: AC Kupplung Typ 2 43 kW  Ladepunkt 2: DC Kupplung Combo, DC CHAdeMO 50 kW",50.095807,8.353607,"8.353607,50.095807,8.353607,50.095807",
A3,RUxFQ1RSSUNfQ0hBUkdJTkdfU1RBVElPTl9fMTAxNjc=,A3 | Frankfurt am Main | Weiskirchen Nord,Schnellladeeinrichtung,"A3 | Frankfurt am Main | Weiskirchen Nord 63110 Rodgau  Ladepunkt 1: AC Kupplung Typ 2 43 kW  Ladepunkt 2: DC Kupplung Combo, DC CHAdeMO 50 kW",50.055744,8.909382,"8.909382,50.055744,8.909382,50.055744",
A3,RUxFQ1RSSUNfQ0hBUkdJTkdfU1RBVElPTl9fNDc5OA==,A3 | Frankfurt am Main | Spessart Nord,Schnellladeeinrichtung,A3 | Frankfurt am Main | Spessart Nord 63879 Weibersbrunn  Ladepunkt 1: DC Kupplung Combo 350 kW  Ladepunkt 2: DC Kupplung Combo 350 kW  Ladepunkt 3: DC Kupplung Combo 350 kW  Ladepunkt 4: DC Kupplung Combo 350 kW,49.898302,9.394346,"9.394346,49.898302,9.394346,49.898302",
A3,RUxFQ1RSSUNfQ0hBUkdJTkdfU1RBVElPTl9fNDc5Nw==,A3 | Frankfurt am Main | Raststätte Spessart Nord,Schnellladeeinrichtung,"A3 | Frankfurt am Main | Raststätte Spessart Nord 63879 Weibersbrunn  Ladepunkt 1: AC Kupplung Typ 2 43 kW  Ladepunkt 2: DC Kupplung Combo, DC CHAdeMO 50 kW",49.898294,9.394154,"9.394154,49.898294,9.394154,49.898294",
A3,RUxFQ1RSSUNfQ0hBUkdJTkdfU1RBVElPTl9fMTQzNDA=,A3 | Frankfurt am Main | Raststätte Königsforst West,Schnellladeeinrichtung,"A3 | Frankfurt am Main | Raststätte Königsforst West 51503 Rösrath  Ladepunkt 1: AC Kupplung Typ 2 43 kW  Ladepunkt 2: DC Kupplung Combo, DC CHAdeMO 50 kW",50.898194,7.15189,"7.15189,50.898194,7.15189,50.898194",
A3,RUxFQ1RSSUNfQ0hBUkdJTkdfU1RBVElPTl9fOTQzNA==,A3 | Frankfurt am Main | Medenbach West,Schnellladeeinrichtung,"A3 | Frankfurt am Main | Medenbach West 65207 Wiesbaden  Ladepunkt 1: AC Kupplung Typ 2 43 kW  Ladepunkt 2: DC Kupplung Combo, DC CHAdeMO 50 kW",50.096305,8.351742,"8.351742,50.096305,8.351742,50.096305",
A3,RUxFQ1RSSUNfQ0hBUkdJTkdfU1RBVElPTl9fMTcxNjg=,A3 | Frankfurt am Main | Fernthal West,Schnellladeeinrichtung,"A3 | Frankfurt am Main | Fernthal West 53577 Neustadt/Wied  Ladepunkt 1: DC Kupplung Combo, DC CHAdeMO 50 kW  Ladepunkt 2: AC Kupplung Typ 2 43 kW",50.600003,7.432143,"7.432143,50.600003,7.432143,50.600003",
A3,RUxFQ1RSSUNfQ0hBUkdJTkdfU1RBVElPTl9fOTkzNg==,A3 | Frankfurt am Main | Bad Camberg West,Schnellladeeinrichtung,"A3 | Frankfurt am Main | Bad Camberg West 65520 Bad Camberg  Ladepunkt 1: AC Kupplung Typ 2 43 kW  Ladepunkt 2: DC Kupplung Combo, DC CHAdeMO 50 kW",50.300794,8.234861,"8.234861,50.300794,8.234861,50.300794",
A3,RUxFQ1RSSUNfQ0hBUkdJTkdfU1RBVElPTl9fMTY0OTE=,A3 | Duisburg |Raststätte Ohligser Heide Ost,Schnellladeeinrichtung,"A3 | Duisburg |Raststätte Ohligser Heide Ost 42967 Solingen  Ladepunkt 1: AC Kupplung Typ 2 43 kW  Ladepunkt 2: DC Kupplung Combo, DC CHAdeMO 50 kW",51.1575,6.963889,"6.963889,51.1575,6.963889,51.1575",
A3,RUxFQ1RSSUNfQ0hBUkdJTkdfU1RBVElPTl9fMTQzMzk=,A3 | Duisburg | Raststätte Königsforst Ost,Schnellladeeinrichtung,"A3 | Duisburg | Raststätte Königsforst Ost 51503 Rösrath  Ladepunkt 1: AC Kupplung Typ 2 43 kW  Ladepunkt 2: DC Kupplung Combo, DC CHAdeMO 50 kW",50.899444,7.152222,"7.152222,50.899444,7.152222,50.899444",
A3,RUxFQ1RSSUNfQ0hBUkdJTkdfU1RBVElPTl9fMTUyNDA=,A3 | Duisburg | Raststätte Hünxe West (2),Schnellladeeinrichtung,"A3 | Duisburg | Raststätte Hünxe West (2) 46569 Hünxe  Ladepunkt 1: DC Kupplung Combo 300 kW  Ladepunkt 2: DC Kupplung Combo, DC CHAdeMO 300 kW",51.635293,6.744913,"6.744913,51.635293,6.744913,51.635293",
A3,RUxFQ1RSSUNfQ0hBUkdJTkdfU1RBVElPTl9fMTUyMzk=,A3 | Duisburg | Raststätte Hünxe West (1),Schnellladeeinrichtung,"A3 | Duisburg | Raststätte Hünxe West (1) 46569 Hünxe  Ladepunkt 1: AC Kupplung Typ 2 43 kW  Ladepunkt 2: DC Kupplung Combo, DC CHAdeMO 50 kW",51.635664,6.744846,"6.744846,51.635664,6.744846,51.635664",
A3,RUxFQ1RSSUNfQ0hBUkdJTkdfU1RBVElPTl9fMTY0NzM=,A3 | Duisburg | Ohligser Heide Ost,Schnellladeeinrichtung,A3 | Duisburg | Ohligser Heide Ost 42697 Solingen  Ladepunkt 1: DC Kupplung Combo 350 kW  Ladepunkt 2: DC Kupplung Combo 350 kW  Ladepunkt 3: DC Kupplung Combo 350 kW  Ladepunkt 4: DC Kupplung Combo 350 kW,51.157162,6.963942,"6.963942,51.157162,6.963942,51.157162",
A3,RUxFQ1RSSUNfQ0hBUkdJTkdfU1RBVElPTl9fMTcxNzA=,A3 | Bonn | Raststätte Urbacher Wald Ost,Schnellladeeinrichtung,"A3 | Bonn | Raststätte Urbacher Wald Ost 56307 Dernbach  Ladepunkt 1: AC Kupplung Typ 2 43 kW  Ladepunkt 2: DC Kupplung Combo, DC CHAdeMO 50 kW",50.548215,7.584985,"7.584985,50.548215,7.584985,50.548215",
A3,RUxFQ1RSSUNfQ0hBUkdJTkdfU1RBVElPTl9fMTAxNzI=,A3 | AS Hanau | Liebigstraße 7,Normalladeeinrichtung,A3 | AS Hanau | Liebigstraße 7 63110 Rodgau  Ladepunkt 1: AC Steckdose Typ 2 22 kW  Ladepunkt 2: AC Steckdose Typ 2 22 kW,50.055283,8.897487,"8.897487,50.055283,8.897487,50.055283",
A4,RUxFQ1RSSUNfQ0hBUkdJTkdfU1RBVElPTl9fMTQyNzA=,A4 | Köln | Raststätte Frechen Süd,Schnellladeeinrichtung,"Köln | Raststätte Frechen Süd 50226 Frechen  Ladepunkt 1: AC Kupplung Typ 2 43 kW  Ladepunkt 2: DC Kupplung Combo, DC CHAdeMO 50 kW",50.928338,6.778011,"6.778011,50.928338,6.778011,50.928338",
A4,RUxFQ1RSSUNfQ0hBUkdJTkdfU1RBVElPTl9fMTQzMzA=,A4 | Siegen | Raststätte Aggertal Süd,Schnellladeeinrichtung,"A4 | Siegen | Raststätte Aggertal Süd 51491 Overath  Ladepunkt 1: AC Kupplung Typ 2 43 kW  Ladepunkt 2: DC Kupplung Combo, DC CHAdeMO 50 kW",50.951804,7.320669,"7.320669,50.951804,7.320669,50.951804",
A4,RUxFQ1RSSUNfQ0hBUkdJTkdfU1RBVElPTl9fMTQzMzI=,A4 | Siegen | Aggertal Süd,Schnellladeeinrichtung,"A4 | Siegen | Aggertal Süd 51491 Overath  Ladepunkt 1: DC Kupplung Combo 300 kW  Ladepunkt 2: DC Kupplung Combo, DC CHAdeMO 300 kW",50.951946,7.320656,"7.320656,50.951946,7.320656,50.951946",
A4,RUxFQ1RSSUNfQ0hBUkdJTkdfU1RBVElPTl9fMTQzMjk=,A4 | Köln | Raststätte Aggertal Nord,Schnellladeeinrichtung,"A4 | Köln | Raststätte Aggertal Nord 51491 Overath  Ladepunkt 1: AC Kupplung Typ 2 43 kW  Ladepunkt 2: DC Kupplung Combo, DC CHAdeMO 50 kW",50.951687,7.3217962,"7.3217962,50.951687,7.3217962,50.951687",
A4,RUxFQ1RSSUNfQ0hBUkdJTkdfU1RBVElPTl9fMTQzMzE=,A4 | Köln | Aggertal Nord,Schnellladeeinrichtung,"A4 | Köln | Aggertal Nord 51491 Overath  Ladepunkt 1: DC Kupplung Combo 300 kW  Ladepunkt 2: DC Kupplung Combo, DC CHAdeMO 300 kW",50.9516664,7.3180289,"7.3180289,50.9516664,7.3180289,50.9516664",
A4,RUxFQ1RSSUNfQ0hBUkdJTkdfU1RBVElPTl9fMTQ4MTU=,A4 | Köln | Aachener Land Süd,Schnellladeeinrichtung,A4 | Köln | Aachener Land Süd 52249 Eschweiler  Ladepunkt 1: DC Kupplung Combo 350 kW  Ladepunkt 2: DC Kupplung Combo 350 kW  Ladepunkt 3: DC Kupplung Combo 350 kW  Ladepunkt 4: DC Kupplung Combo 350 kW,50.816865,6.215741,"6.215741,50.816865,6.215741,50.816865",
A4,RUxFQ1RSSUNfQ0hBUkdJTkdfU1RBVElPTl9fMTk3NDM=,A4 | Erfurt | Teufelstal Nord,Schnellladeeinrichtung,"A4 | Erfurt | Teufelstal Nord 07646 Bollberg  Ladepunkt 1: AC Kupplung Typ 2 43 kW  Ladepunkt 2: DC Kupplung Combo, DC CHAdeMO 50 kW",50.877326,11.808342,"11.808342,50.877326,11.808342,50.877326",
A4,RUxFQ1RSSUNfQ0hBUkdJTkdfU1RBVElPTl9fMTk1OTU=,A4 | Erfurt | Raststätte Altenburger Land Nord,Schnellladeeinrichtung,"A4 | Erfurt | Raststätte Altenburger Land Nord 04626 Schmölln  Ladepunkt 1: AC Kupplung Typ 2 43 kW  Ladepunkt 2: DC Kupplung Combo, DC CHAdeMO 50 kW",50.86087,12.30796,"12.30796,50.86087,12.30796,50.86087",
A4,RUxFQ1RSSUNfQ0hBUkdJTkdfU1RBVElPTl9fMTk1OTc=,A4 | Erfurt | Altenburger Land Nord,Schnellladeeinrichtung,A4 | Erfurt | Altenburger Land Nord 04626 Schmölln  Ladepunkt 1: DC Kupplung Combo 350 kW  Ladepunkt 2: DC Kupplung Combo 350 kW  Ladepunkt 3: DC Kupplung Combo 350 kW  Ladepunkt 4: DC Kupplung Combo 350 kW,50.860662,12.307977,"12.307977,50.860662,12.307977,50.860662",
A4,RUxFQ1RSSUNfQ0hBUkdJTkdfU1RBVElPTl9fMTk4NjI=,A4 | Eisenach | Raststätte Eichelborn Nord,Schnellladeeinrichtung,"A4 | Eisenach | Raststätte Eichelborn Nord 99198 Mönchenholzhausen  Ladepunkt 1: AC Kupplung Typ 2 43 kW  Ladepunkt 2: DC Kupplung Combo, DC CHAdeMO 50 kW",50.949944,11.195412,"11.195412,50.949944,11.195412,50.949944",
A4,RUxFQ1RSSUNfQ0hBUkdJTkdfU1RBVElPTl9fMTk2NDI=,A4 | Eisenach | Hörselgau Nord,Schnellladeeinrichtung,"A4 | Eisenach | Hörselgau Nord 99880 Hörsel  Ladepunkt 1: AC Kupplung Typ 2 43 kW  Ladepunkt 2: DC Kupplung Combo, DC CHAdeMO 50 kW",50.911392,10.589792,"10.589792,50.911392,10.589792,50.911392",
A4,RUxFQ1RSSUNfQ0hBUkdJTkdfU1RBVElPTl9fMTc4ODM=,A4 | Dresden | Oberlausitz Nord,Schnellladeeinrichtung,"A4 | Dresden | Oberlausitz Nord 02625 Bautzen  Ladepunkt 1: AC Kupplung Typ 2 43 kW  Ladepunkt 2: DC Kupplung Combo, DC CHAdeMO 50 kW",51.199484,14.331987,"14.331987,51.199484,14.331987,51.199484",
A4,RUxFQ1RSSUNfQ0hBUkdJTkdfU1RBVElPTl9fMTgwODA=,A4 | Dresden | Dresdener Tor Süd,Schnellladeeinrichtung,"A4 | Dresden | Dresdener Tor Süd 01723 Wilsdruff  Ladepunkt 1: AC Kupplung Typ 2 43 kW  Ladepunkt 2: DC Kupplung Combo, DC CHAdeMO 50 kW",51.063326,13.570146,"13.570146,51.063326,13.570146,51.063326",
A4,RUxFQ1RSSUNfQ0hBUkdJTkdfU1RBVElPTl9fMTk3NDQ=,A4 | Chemnitz | Teufelstal Süd,Schnellladeeinrichtung,"A4 | Chemnitz | Teufelstal Süd 07646 Bollberg  Ladepunkt 1: AC Kupplung Typ 2 43 kW  Ladepunkt 2: DC Kupplung Combo, DC CHAdeMO 50 kW",50.875901,11.809307,"11.809307,50.875901,11.809307,50.875901",
A4,RUxFQ1RSSUNfQ0hBUkdJTkdfU1RBVElPTl9fMTk4NjM=,A4 | Chemnitz | Raststätte Eichelborn Süd,Schnellladeeinrichtung,"A4 | Chemnitz | Raststätte Eichelborn Süd 99198 Mönchenholzhausen  Ladepunkt 1: AC Kupplung Typ 2 43 kW  Ladepunkt 2: DC Kupplung Combo, DC CHAdeMO 50 kW",50.948001,11.196774,"11.196774,50.948001,11.196774,50.948001",
A4,RUxFQ1RSSUNfQ0hBUkdJTkdfU1RBVElPTl9fMTk1OTQ=,A4 | Chemnitz | Raststätte Altenburger Land Süd,Schnellladeeinrichtung,"A4 | Chemnitz | Raststätte Altenburger Land Süd 04626 Schmölln  Ladepunkt 1: AC Kupplung Typ 2 43 kW  Ladepunkt 2: DC Kupplung Combo, DC CHAdeMO 50 kW",50.856608,12.313048,"12.313048,50.856608,12.313048,50.856608",
A4,RUxFQ1RSSUNfQ0hBUkdJTkdfU1RBVElPTl9fMTgwODE=,A4 | Chemnitz | Dresdener Tor Nord,Schnellladeeinrichtung,"A4 | Chemnitz | Dresdener Tor Nord 01723 Wilsdruff  Ladepunkt 1: AC Kupplung Typ 2 43 kW  Ladepunkt 2: DC Kupplung Combo, DC CHAdeMO 50 kW",51.063326,13.570146,"13.570146,51.063326,13.570146,51.063326",
A4,RUxFQ1RSSUNfQ0hBUkdJTkdfU1RBVElPTl9fMTgxMDM=,A4 | Chemnitz | Auerswalder Blick Nord,Schnellladeeinrichtung,"A4 | Chemnitz | Auerswalder Blick Nord 09244 Lichtenau  Ladepunkt 1: AC Kupplung Typ 2 43 kW  Ladepunkt 2: DC Kupplung Combo, DC CHAdeMO 50 kW",50.892978,12.938842,"12.938842,50.892978,12.938842,50.892978",
A4,RUxFQ1RSSUNfQ0hBUkdJTkdfU1RBVElPTl9fMTk1OTg=,A4 | Chemnitz | Altenburger Land Süd,Schnellladeeinrichtung,A4 | Chemnitz | Altenburger Land Süd 04626 Schmölln  Ladepunkt 1: DC Kupplung Combo 350 kW  Ladepunkt 2: DC Kupplung Combo 350 kW  Ladepunkt 3: DC Kupplung Combo 350 kW  Ladepunkt 4: DC Kupplung Combo 350 kW,50.85675,12.3132,"12.3132,50.85675,12.3132,50.85675",
A4,RUxFQ1RSSUNfQ0hBUkdJTkdfU1RBVElPTl9fMTc4ODQ=,A4 | Bautzen | Oberlausitz Süd,Schnellladeeinrichtung,"A4 | Bautzen | Oberlausitz Süd 02625 Bautzen  Ladepunkt 1: AC Kupplung Typ 2 43 kW  Ladepunkt 2: DC Kupplung Combo, DC CHAdeMO 50 kW",51.198549,14.328689,"14.328689,51.198549,14.328689,51.198549",
A4,RUxFQ1RSSUNfQ0hBUkdJTkdfU1RBVElPTl9fMTQ4MTQ=,A4 | Aachen | Aachener Land Nord,Schnellladeeinrichtung,A4 | Aachen | Aachener Land Nord 52249 Eschweiler  Ladepunkt 1: DC Kupplung Combo 350 kW  Ladepunkt 2: DC Kupplung Combo 350 kW  Ladepunkt 3: DC Kupplung Combo 350 kW  Ladepunkt 4: DC Kupplung Combo 350 kW,50.818,6.215,"6.215,50.818,6.215,50.818",
A5,RUxFQ1RSSUNfQ0hBUkdJTkdfU1RBVElPTl9fMzgw,A5 | Freiburg | Breisgau Ost,Schnellladeeinrichtung,"Freiburg | Breisgau Ost 79227 Schallstadt  Ladepunkt 1: DC Kupplung Combo, DC CHAdeMO 50 kW  Ladepunkt 2: AC Kupplung Typ 2 42 kW",47.970762,7.721949,"7.721949,47.970762,7.721949,47.970762",
A5,RUxFQ1RSSUNfQ0hBUkdJTkdfU1RBVElPTl9fOTQ0OA==,A5 | Darmstadt | Bergstraße Ost,Schnellladeeinrichtung,"Darmstadt | Bergstraße Ost 64625 Bensheim  Ladepunkt 1: AC Kupplung Typ 2 43 kW  Ladepunkt 2: DC Kupplung Combo, DC CHAdeMO 50 kW",49.689416,8.603219,"8.603219,49.689416,8.603219,49.689416",
A5,RUxFQ1RSSUNfQ0hBUkdJTkdfU1RBVElPTl9fMTMyNA==,A5 | Weil am Rhein | Hardstraße 4,Normalladeeinrichtung,"A5 | Weil am Rhein | Hardstraße 4 79576 Weil am Rhein  Ladepunkt 1: AC Steckdose Typ 2, AC Schuko 22 kW  Ladepunkt 2: AC Steckdose Typ 2 22 kW",47.58989,7.60305,"7.60305,47.58989,7.60305,47.58989",
A5,RUxFQ1RSSUNfQ0hBUkdJTkdfU1RBVElPTl9fMTMyMA==,A5 | Weil am Rhein | Basel Weil,Schnellladeeinrichtung,A5 | Weil am Rhein | Basel Weil 79576 Weil am Rhein  Ladepunkt 1: AC Kupplung Typ 2 43 kW  Ladepunkt 2: DC Kupplung Combo 50 kW,47.594401,7.60372,"7.60372,47.594401,7.60372,47.594401",
A5,RUxFQ1RSSUNfQ0hBUkdJTkdfU1RBVElPTl9fMTcwMg==,A5 | Offenburg | Raststätte Mahlberg Ost,Schnellladeeinrichtung,A5 | Offenburg | Raststätte Mahlberg Ost 77972 Mahlberg  Ladepunkt 1: DC Kupplung Combo 150 kW  Ladepunkt 2: DC Kupplung Combo 75 kW  Ladepunkt 3: AC Kupplung Typ 2 43 kW  Ladepunkt 4: DC Kupplung Combo 50 kW,48.308982,7.7915649,"7.7915649,48.308982,7.7915649,48.308982",
A5,RUxFQ1RSSUNfQ0hBUkdJTkdfU1RBVElPTl9fMTcwNA==,A5 | Offenburg | Mahlberg Ost,Schnellladeeinrichtung,A5 | Offenburg | Mahlberg Ost 77972 Mahlberg  Ladepunkt 1: DC Kupplung Combo 350 kW  Ladepunkt 2: DC Kupplung Combo 350 kW  Ladepunkt 3: DC Kupplung Combo 350 kW  Ladepunkt 4: DC Kupplung Combo 350 kW,48.308819,7.791519,"7.791519,48.308819,7.791519,48.308819",
A5,RUxFQ1RSSUNfQ0hBUkdJTkdfU1RBVElPTl9fMjY3NQ==,A5 | Offenburg | Baden-Baden West,Schnellladeeinrichtung,"A5 | Offenburg | Baden-Baden West 76532 Baden-Baden  Ladepunkt 1: AC Kupplung Typ 2 43 kW  Ladepunkt 2: DC Kupplung Combo, DC CHAdeMO 50 kW",48.808931,8.181381,"8.181381,48.808931,8.181381,48.808931",
A5,RUxFQ1RSSUNfQ0hBUkdJTkdfU1RBVElPTl9fMTIxMQ==,A5 | Karlsruhe | Raststätte Bruchsal West (2),Schnellladeeinrichtung,A5 | Karlsruhe | Raststätte Bruchsal West (2) 76694 Forst  Ladepunkt 1: DC Kupplung Combo 150 kW  Ladepunkt 2: DC Kupplung Combo 75 kW,49.1609927,8.567019,"8.567019,49.1609927,8.567019,49.1609927",
A5,RUxFQ1RSSUNfQ0hBUkdJTkdfU1RBVElPTl9fMTIwOA==,A5 | Karlsruhe | Raststätte Bruchsal West (1),Schnellladeeinrichtung,A5 | Karlsruhe | Raststätte Bruchsal West (1) 76694 Forst  Ladepunkt 1: AC Kupplung Typ 2 43 kW  Ladepunkt 2: DC Kupplung Combo 50 kW,49.160998,8.567015,"8.567015,49.160998,8.567015,49.160998",
A5,RUxFQ1RSSUNfQ0hBUkdJTkdfU1RBVElPTl9fMTg0Ng==,A5 | Karlsruhe | Bühl Ost (2),Schnellladeeinrichtung,A5 | Karlsruhe | Bühl Ost (2) 77815 Bühl  Ladepunkt 1: DC Kupplung Combo 150 kW  Ladepunkt 2: DC Kupplung Combo 75 kW,48.753498,8.1317,"8.1317,48.753498,8.1317,48.753498",
A5,RUxFQ1RSSUNfQ0hBUkdJTkdfU1RBVElPTl9fMTg0NQ==,A5 | Karlsruhe | Bühl Ost (1),Schnellladeeinrichtung,A5 | Karlsruhe | Bühl Ost (1) 77815 Bühl  Ladepunkt 1: AC Kupplung Typ 2 43 kW  Ladepunkt 2: DC Kupplung Combo 50 kW,48.753434,8.131493,"8.131493,48.753434,8.131493,48.753434",
A5,RUxFQ1RSSUNfQ0hBUkdJTkdfU1RBVElPTl9fMTIxMw==,A5 | Karlsruhe | Bruchsal West,Schnellladeeinrichtung,A5 | Karlsruhe | Bruchsal West 76694 Forst  Ladepunkt 1: DC Kupplung Combo 350 kW  Ladepunkt 2: DC Kupplung Combo 350 kW  Ladepunkt 3: DC Kupplung Combo 350 kW  Ladepunkt 4: DC Kupplung Combo 350 kW,49.16125,8.567226,"8.567226,49.16125,8.567226,49.16125",
A5,RUxFQ1RSSUNfQ0hBUkdJTkdfU1RBVElPTl9fMTIxMA==,A5 | Heidelberg | Raststätte Bruchsal Ost (2),Schnellladeeinrichtung,A5 | Heidelberg | Raststätte Bruchsal Ost (2) 76694 Forst  Ladepunkt 1: DC Kupplung Combo 150 kW  Ladepunkt 2: DC Kupplung Combo 75 kW,49.162909,8.570962,"8.570962,49.162909,8.570962,49.162909",
A5,RUxFQ1RSSUNfQ0hBUkdJTkdfU1RBVElPTl9fMTIwOQ==,A5 | Heidelberg | Raststätte Bruchsal Ost (1),Schnellladeeinrichtung,A5 | Heidelberg | Raststätte Bruchsal Ost (1) 76694 Forst  Ladepunkt 1: AC Kupplung Typ 2 43 kW  Ladepunkt 2: DC Kupplung Combo 50 kW,49.162905,8.570877,"8.570877,49.162905,8.570877,49.162905",
A5,RUxFQ1RSSUNfQ0hBUkdJTkdfU1RBVElPTl9fMTIxMg==,A5 | Heidelberg | Bruchsal Ost,Schnellladeeinrichtung,A5 | Heidelberg | Bruchsal Ost 76694 Forst  Ladepunkt 1: DC Kupplung Combo 350 kW  Ladepunkt 2: DC Kupplung Combo 350 kW  Ladepunkt 3: DC Kupplung Combo 350 kW  Ladepunkt 4: DC Kupplung Combo 350 kW,49.162694,8.570788,"8.570788,49.162694,8.570788,49.162694",
A5,RUxFQ1RSSUNfQ0hBUkdJTkdfU1RBVElPTl9fOTU1Ng==,A5 | Heidelberg | Alsbach West,Schnellladeeinrichtung,"A5 | Heidelberg | Alsbach West 64665 Alsbach  Ladepunkt 1: DC Kupplung Combo, DC CHAdeMO 50 kW  Ladepunkt 2: AC Kupplung Typ 2 42 kW",49.746893,8.591679,"8.591679,49.746893,8.591679,49.746893",
A5,RUxFQ1RSSUNfQ0hBUkdJTkdfU1RBVElPTl9fOTY2Mg==,A5 | Hattenbacher Dreieck | Reinhardshain Süd,Schnellladeeinrichtung,A5 | Hattenbacher Dreieck | Reinhardshain Süd 35305 Grünberg  Ladepunkt 1: DC Kupplung Combo 350 kW  Ladepunkt 2: DC Kupplung Combo 350 kW  Ladepunkt 3: DC Kupplung Combo 350 kW  Ladepunkt 4: DC Kupplung Combo 350 kW,50.622672,8.896404,"8.896404,50.622672,8.896404,50.622672",
A5,RUxFQ1RSSUNfQ0hBUkdJTkdfU1RBVElPTl9fMTA0Njg=,A5 | Gießen | Wetterau Ost,Schnellladeeinrichtung,"A5 | Gießen | Wetterau Ost 61239 Ober-Mörlen  Ladepunkt 1: AC Kupplung Typ 2 43 kW  Ladepunkt 2: DC Kupplung Combo, DC CHAdeMO 50 kW",50.35566,8.69456,"8.69456,50.35566,8.69456,50.35566",
A5,RUxFQ1RSSUNfQ0hBUkdJTkdfU1RBVElPTl9fMTAzNTE=,A5 | Gießen | Raststätte Berfa Nord,Schnellladeeinrichtung,"A5 | Gießen | Raststätte Berfa Nord 36304 Alsfeld  Ladepunkt 1: AC Kupplung Typ 2 43 kW  Ladepunkt 2: DC Kupplung Combo, DC CHAdeMO 50 kW",50.759834,9.357694,"9.357694,50.759834,9.357694,50.759834",
A5,RUxFQ1RSSUNfQ0hBUkdJTkdfU1RBVElPTl9fOTc3NA==,A5 | Gießen | Rasthaus Rimberg,Schnellladeeinrichtung,"A5 | Gießen | Rasthaus Rimberg 36287 Breitenbach am Herzberg  Ladepunkt 1: AC Kupplung Typ 2 50 kW  Ladepunkt 2: DC Kupplung Combo, DC CHAdeMO 43 kW",50.793156,9.473105,"9.473105,50.793156,9.473105,50.793156",
A5,RUxFQ1RSSUNfQ0hBUkdJTkdfU1RBVElPTl9fMTY2Nw==,A5 | Freiburg | Raststätte Renchtal West (2),Schnellladeeinrichtung,A5 | Freiburg | Raststätte Renchtal West (2) 77767 Appenweier  Ladepunkt 1: DC Kupplung Combo 150 kW  Ladepunkt 2: DC Kupplung Combo 75 kW,48.563031,7.9559225,"7.9559225,48.563031,7.9559225,48.563031",
A5,RUxFQ1RSSUNfQ0hBUkdJTkdfU1RBVElPTl9fMTY2NA==,A5 | Freiburg | Raststätte Renchtal West (1),Schnellladeeinrichtung,A5 | Freiburg | Raststätte Renchtal West (1) 77767 Appenweier  Ladepunkt 1: AC Kupplung Typ 2 43 kW  Ladepunkt 2: DC Kupplung Combo 50 kW,48.563052,7.955847,"7.955847,48.563052,7.955847,48.563052",
A5,RUxFQ1RSSUNfQ0hBUkdJTkdfU1RBVElPTl9fMTcwMw==,A5 | Freiburg | Raststätte Mahlberg West,Schnellladeeinrichtung,A5 | Freiburg | Raststätte Mahlberg West 77972 Mahlberg  Ladepunkt 1: DC Kupplung Combo 150 kW  Ladepunkt 2: DC Kupplung Combo 75 kW  Ladepunkt 3: AC Kupplung Typ 2 43 kW  Ladepunkt 4: DC Kupplung Combo 50 kW,48.309678,7.788862,"7.788862,48.309678,7.788862,48.309678",
A5,RUxFQ1RSSUNfQ0hBUkdJTkdfU1RBVElPTl9fMTcwNQ==,A5 | Freiburg | Mahlberg West,Schnellladeeinrichtung,A5 | Freiburg | Mahlberg West 77972 Mahlberg  Ladepunkt 1: DC Kupplung Combo 350 kW  Ladepunkt 2: DC Kupplung Combo 350 kW  Ladepunkt 3: DC Kupplung Combo 350 kW  Ladepunkt 4: DC Kupplung Combo 350 kW,48.309517,7.788855,"7.788855,48.309517,7.788855,48.309517",
A5,RUxFQ1RSSUNfQ0hBUkdJTkdfU1RBVElPTl9fMTA0Njk=,A5 | Frankfurt am Main | Wetterau West,Schnellladeeinrichtung,"A5 | Frankfurt am Main | Wetterau West 61239 Ober-Mörlen  Ladepunkt 1: AC Kupplung Typ 2 43 kW  Ladepunkt 2: DC Kupplung Combo, DC CHAdeMO 50 kW",50.35754,8.69412,"8.69412,50.35754,8.69412,50.35754",
A5,RUxFQ1RSSUNfQ0hBUkdJTkdfU1RBVElPTl9fOTY2MQ==,A5 | Frankfurt am Main | Reinhardshain Nord (2),Schnellladeeinrichtung,A5 | Frankfurt am Main | Reinhardshain Nord (2) 35305 Grünberg  Ladepunkt 1: DC Kupplung Combo 350 kW  Ladepunkt 2: DC Kupplung Combo 350 kW  Ladepunkt 3: DC Kupplung Combo 350 kW  Ladepunkt 4: DC Kupplung Combo 350 kW,50.623593,8.894967,"8.894967,50.623593,8.894967,50.623593",
A5,RUxFQ1RSSUNfQ0hBUkdJTkdfU1RBVElPTl9fOTY1OA==,A5 | Frankfurt am Main | Reinhardshain Nord (1),Schnellladeeinrichtung,"A5 | Frankfurt am Main | Reinhardshain Nord (1) 35305 Grünberg  Ladepunkt 1: AC Kupplung Typ 2 43 kW  Ladepunkt 2: DC Kupplung Combo, DC CHAdeMO 50 kW",50.623593,8.894967,"8.894967,50.623593,8.894967,50.623593",
A5,RUxFQ1RSSUNfQ0hBUkdJTkdfU1RBVElPTl9fOTY4Ng==,A5 | Frankfurt am Main | Limes West,Schnellladeeinrichtung,"A5 | Frankfurt am Main | Limes West 35415 Pohlheim  Ladepunkt 1: AC Kupplung Typ 2 50 kW  Ladepunkt 2: DC Kupplung Combo, DC CHAdeMO 43 kW",50.520453,8.75529,"8.75529,50.520453,8.75529,50.520453",
A5,RUxFQ1RSSUNfQ0hBUkdJTkdfU1RBVElPTl9fOTUyMA==,A5 | Frankfurt am Main | Gräfenhausen Ost,Schnellladeeinrichtung,"A5 | Frankfurt am Main | Gräfenhausen Ost 64331 Weiterstadt  Ladepunkt 1: AC Kupplung Typ 2 43 kW  Ladepunkt 2: DC Kupplung Combo, DC CHAdeMO 50 kW",49.946113,8.610717,"8.610717,49.946113,8.610717,49.946113",
A5,RUxFQ1RSSUNfQ0hBUkdJTkdfU1RBVElPTl9fMjE4MA==,A5 | Darmstadt | Raststätte Hardtwald Ost,Schnellladeeinrichtung,A5 | Darmstadt | Raststätte Hardtwald Ost 69207 Sandhausen  Ladepunkt 1: AC Kupplung Typ 2 43 kW  Ladepunkt 2: DC Kupplung Combo 50 kW,49.350934,8.632238,"8.632238,49.350934,8.632238,49.350934",
A5,RUxFQ1RSSUNfQ0hBUkdJTkdfU1RBVElPTl9fOTQ0MA==,A5 | Darmstadt | Raststätte Bergstraße Ost,Normalladeeinrichtung,A5 | Darmstadt | Raststätte Bergstraße Ost 64625 Bensheim  Ladepunkt 1: AC Steckdose Typ 2 4 kW,49.687297,8.606043,"8.606043,49.687297,8.606043,49.687297",
A5,RUxFQ1RSSUNfQ0hBUkdJTkdfU1RBVElPTl9fOTUyMQ==,A5 | Darmstadt | Gräfenhausen West,Schnellladeeinrichtung,"A5 | Darmstadt | Gräfenhausen West 64331 Weiterstadt  Ladepunkt 1: AC Kupplung Typ 2 43 kW  Ladepunkt 2: DC Kupplung Combo, DC CHAdeMO 50 kW",49.94694,8.609489,"8.609489,49.94694,8.609489,49.94694",
A5,RUxFQ1RSSUNfQ0hBUkdJTkdfU1RBVElPTl9fMjY5NA==,A5 | Basel | Schauinsland West,Schnellladeeinrichtung,"A5 | Basel | Schauinsland West 79108 Freiburg  Ladepunkt 1: DC Kupplung Combo, DC CHAdeMO 50 kW  Ladepunkt 2: AC Kupplung Typ 2 42 kW",48.050002,7.810907,"7.810907,48.050002,7.810907,48.050002",
A5,RUxFQ1RSSUNfQ0hBUkdJTkdfU1RBVElPTl9fMTMwMQ==,A5 | Basel | Bad Bellingen West,Schnellladeeinrichtung,"A5 | Basel | Bad Bellingen West 79415 Bad Bellingen  Ladepunkt 1: DC Kupplung Combo, DC CHAdeMO 50 kW  Ladepunkt 2: AC Kupplung Typ 2 43 kW",47.737703,7.551272,"7.551272,47.737703,7.551272,47.737703",
A5,RUxFQ1RSSUNfQ0hBUkdJTkdfU1RBVElPTl9fMTY2Ng==,A5 | Baden-Baden | Raststätte Renchtal Ost (2),Schnellladeeinrichtung,A5 | Baden-Baden | Raststätte Renchtal Ost (2) 77767 Appenweier  Ladepunkt 1: DC Kupplung Combo 150 kW  Ladepunkt 2: DC Kupplung Combo 75 kW,48.5628685,7.9591637,"7.9591637,48.5628685,7.9591637,48.5628685",
A5,RUxFQ1RSSUNfQ0hBUkdJTkdfU1RBVElPTl9fMTY2NQ==,A5 | Baden-Baden | Raststätte Renchtal Ost (1),Schnellladeeinrichtung,A5 | Baden-Baden | Raststätte Renchtal Ost (1) 77767 Appenweier  Ladepunkt 1: AC Kupplung Typ 2 43 kW  Ladepunkt 2: DC Kupplung Combo 50 kW,48.562448,7.958827,"7.958827,48.562448,7.958827,48.562448",
A5,RUxFQ1RSSUNfQ0hBUkdJTkdfU1RBVElPTl9fOTUyMw==,A5 | AS Weiterstadt | Rudolf-Diesel-Straße 26a,Schnellladeeinrichtung,"A5 | AS Weiterstadt | Rudolf-Diesel-Straße 26a 64331 Weiterstadt  Ladepunkt 1: AC Kupplung Typ 2 43 kW  Ladepunkt 2: DC Kupplung Combo, DC CHAdeMO 50 kW",49.902832,8.608342,"8.608342,49.902832,8.608342,49.902832",
A5,RUxFQ1RSSUNfQ0hBUkdJTkdfU1RBVElPTl9fOTUyNA==,A5 | AS Weiterstadt | Rudolf-Diesel-Straße 26,Normalladeeinrichtung,A5 | AS Weiterstadt | Rudolf-Diesel-Straße 26 64331 Weiterstadt  Ladepunkt 1: AC Steckdose Typ 2 22 kW  Ladepunkt 2: AC Steckdose Typ 2 22 kW,49.901342,8.607509,"8.607509,49.901342,8.607509,49.901342",
A5,RUxFQ1RSSUNfQ0hBUkdJTkdfU1RBVElPTl9fMzk3,A5 | AS Hertheim/Heitersheim | Autohof Bremgarten,Schnellladeeinrichtung,"A5 | AS Hertheim/Heitersheim | Autohof Bremgarten 79258 Hartheim-Bremgarten  Ladepunkt 1: DC Kupplung Combo, DC CHAdeMO 350 kW  Ladepunkt 2: DC Kupplung Combo, DC CHAdeMO 350 kW  Ladepunkt 3: DC Kupplung Combo, DC CHAdeMO 350 kW  Ladepunkt 4: DC Kupplung Combo, DC CHAdeMO 350 kW",47.909055,7.592565,"7.592565,47.909055,7.592565,47.909055",
A5,RUxFQ1RSSUNfQ0hBUkdJTkdfU1RBVElPTl9fMTAzNTI=,A5 | AS Asfeld-West | Autohof Pfefferhöhe,Schnellladeeinrichtung,"A5 | AS Asfeld-West | Autohof Pfefferhöhe 36304 Alsfeld  Ladepunkt 1: DC Kupplung Combo, DC CHAdeMO 175 kW  Ladepunkt 2: DC Kupplung Combo, DC CHAdeMO 175 kW  Ladepunkt 3: DC Kupplung Combo, DC CHAdeMO 175 kW",50.734167,9.24163,"9.24163,50.734167,9.24163,50.734167",
